Host,Address,Transport,Port,Service,Component,Version
tron.network,52.222.157.143,tcp,80,http,amazon/cloudfront,
tron.network,52.222.157.143,tcp,443,http,amazon/cloudfront,
tron.network,52.222.157.150,tcp,80,http,amazon/cloudfront,
tron.network,52.222.157.150,tcp,443,http,amazon/cloudfront,
tron.network,52.222.157.166,tcp,80,http,amazon/cloudfront,
tron.network,52.222.157.166,tcp,443,http,amazon/cloudfront,
tron.network,52.222.157.182,tcp,80,http,amazon/cloudfront,
tron.network,52.222.157.182,tcp,443,http,amazon/cloudfront,
tron.network,2600:9000:2047:1a00:14:80f1:6f80:93a1,tcp,80,http,amazon/cloudfront,
tron.network,2600:9000:2047:1a00:14:80f1:6f80:93a1,tcp,443,http,amazon/cloudfront,
tron.network,2600:9000:2047:5c00:14:80f1:6f80:93a1,tcp,80,http,amazon/cloudfront,
tron.network,2600:9000:2047:5c00:14:80f1:6f80:93a1,tcp,443,http,amazon/cloudfront,
tron.network,2600:9000:2047:6a00:14:80f1:6f80:93a1,tcp,80,http,amazon/cloudfront,
tron.network,2600:9000:2047:6a00:14:80f1:6f80:93a1,tcp,443,http,amazon/cloudfront,
tron.network,2600:9000:2047:9c00:14:80f1:6f80:93a1,tcp,80,http,amazon/cloudfront,
tron.network,2600:9000:2047:9c00:14:80f1:6f80:93a1,tcp,443,http,amazon/cloudfront,
tron.network,2600:9000:2047:2200:14:80f1:6f80:93a1,tcp,80,http,amazon/cloudfront,
tron.network,2600:9000:2047:2200:14:80f1:6f80:93a1,tcp,443,http,amazon/cloudfront,
tron.network,2600:9000:2047:b800:14:80f1:6f80:93a1,tcp,80,http,amazon/cloudfront,
tron.network,2600:9000:2047:b800:14:80f1:6f80:93a1,tcp,443,http,amazon/cloudfront,
tron.network,2600:9000:2047:c800:14:80f1:6f80:93a1,tcp,80,http,amazon/cloudfront,
tron.network,2600:9000:2047:c800:14:80f1:6f80:93a1,tcp,443,http,amazon/cloudfront,
tron.network,2600:9000:2047:e400:14:80f1:6f80:93a1,tcp,80,http,amazon/cloudfront,
tron.network,2600:9000:2047:e400:14:80f1:6f80:93a1,tcp,443,http,amazon/cloudfront,
tronlab.com,18.191.235.163,tcp,80,http,nginx/nginx,1.14.0
tronlab.com,18.191.235.163,tcp,443,http,nginx/nginx,1.14.0
tronlab.com,18.191.235.163,tcp,443,https,nginx/nginx,1.14.0
tronscan.org,104.27.156.165,tcp,80,http,cloudflare/cloudflare,
tronscan.org,104.27.156.165,tcp,443,http,cloudflare/cloudflare,
tronscan.org,104.27.156.165,tcp,443,https,cloudflare/cloudflare,
tronscan.org,104.27.157.165,tcp,80,http,cloudflare/cloudflare,
tronscan.org,104.27.157.165,tcp,443,http,cloudflare/cloudflare,
tronscan.org,104.27.157.165,tcp,443,https,cloudflare/cloudflare,
tronscan.org,2606:4700:30::681b:9ca5,tcp,80,http,cloudflare/cloudflare,
tronscan.org,2606:4700:30::681b:9ca5,tcp,443,http,cloudflare/cloudflare,
tronscan.org,2606:4700:30::681b:9ca5,tcp,443,https,cloudflare/cloudflare,
tronscan.org,2606:4700:30::681b:9da5,tcp,80,http,cloudflare/cloudflare,
tronscan.org,2606:4700:30::681b:9da5,tcp,443,http,cloudflare/cloudflare,
tronscan.org,2606:4700:30::681b:9da5,tcp,443,https,cloudflare/cloudflare,
www.tronlab.com,18.191.235.163,tcp,80,http,nginx/nginx,1.14.0
www.tronlab.com,18.191.235.163,tcp,443,http,nginx/nginx,1.14.0
www.tronlab.com,18.191.235.163,tcp,443,https,nginx/nginx,1.14.0
www.tronscan.org,18.216.178.128,tcp,80,http,nginx/nginx,1.14.2
www.tronscan.org,18.216.178.128,tcp,443,http,nginx/nginx,1.14.2
www.tronscan.org,18.216.178.128,tcp,443,https,nginx/nginx,1.14.2
