Host,Address,Transport,Port,Service
tron.network,52.222.157.143,tcp,80,http
tron.network,52.222.157.143,tcp,443,http
tron.network,52.222.157.143,tcp,443,https
tron.network,52.222.157.150,tcp,80,http
tron.network,52.222.157.150,tcp,443,http
tron.network,52.222.157.150,tcp,443,https
tron.network,52.222.157.166,tcp,80,http
tron.network,52.222.157.166,tcp,443,http
tron.network,52.222.157.166,tcp,443,https
tron.network,52.222.157.182,tcp,80,http
tron.network,52.222.157.182,tcp,443,http
tron.network,52.222.157.182,tcp,443,https
tron.network,2600:9000:2047:1a00:14:80f1:6f80:93a1,tcp,80,http
tron.network,2600:9000:2047:1a00:14:80f1:6f80:93a1,tcp,443,http
tron.network,2600:9000:2047:1a00:14:80f1:6f80:93a1,tcp,443,https
tron.network,2600:9000:2047:5c00:14:80f1:6f80:93a1,tcp,80,http
tron.network,2600:9000:2047:5c00:14:80f1:6f80:93a1,tcp,443,http
tron.network,2600:9000:2047:5c00:14:80f1:6f80:93a1,tcp,443,https
tron.network,2600:9000:2047:6a00:14:80f1:6f80:93a1,tcp,80,http
tron.network,2600:9000:2047:6a00:14:80f1:6f80:93a1,tcp,443,http
tron.network,2600:9000:2047:6a00:14:80f1:6f80:93a1,tcp,443,https
tron.network,2600:9000:2047:9c00:14:80f1:6f80:93a1,tcp,80,http
tron.network,2600:9000:2047:9c00:14:80f1:6f80:93a1,tcp,443,http
tron.network,2600:9000:2047:9c00:14:80f1:6f80:93a1,tcp,443,https
tron.network,2600:9000:2047:2200:14:80f1:6f80:93a1,tcp,80,http
tron.network,2600:9000:2047:2200:14:80f1:6f80:93a1,tcp,443,http
tron.network,2600:9000:2047:2200:14:80f1:6f80:93a1,tcp,443,https
tron.network,2600:9000:2047:b800:14:80f1:6f80:93a1,tcp,80,http
tron.network,2600:9000:2047:b800:14:80f1:6f80:93a1,tcp,443,http
tron.network,2600:9000:2047:b800:14:80f1:6f80:93a1,tcp,443,https
tron.network,2600:9000:2047:c800:14:80f1:6f80:93a1,tcp,80,http
tron.network,2600:9000:2047:c800:14:80f1:6f80:93a1,tcp,443,http
tron.network,2600:9000:2047:c800:14:80f1:6f80:93a1,tcp,443,https
tron.network,2600:9000:2047:e400:14:80f1:6f80:93a1,tcp,80,http
tron.network,2600:9000:2047:e400:14:80f1:6f80:93a1,tcp,443,http
tron.network,2600:9000:2047:e400:14:80f1:6f80:93a1,tcp,443,https
tronlab.com,18.191.235.163,tcp,80,http
tronlab.com,18.191.235.163,tcp,443,http
tronlab.com,18.191.235.163,tcp,443,https
tronscan.org,104.27.156.165,tcp,80,http
tronscan.org,104.27.156.165,tcp,443,http
tronscan.org,104.27.156.165,tcp,443,https
tronscan.org,104.27.156.165,tcp,8080,unknown
tronscan.org,104.27.156.165,tcp,8443,unknown
tronscan.org,104.27.157.165,tcp,80,http
tronscan.org,104.27.157.165,tcp,443,http
tronscan.org,104.27.157.165,tcp,443,https
tronscan.org,104.27.157.165,tcp,8080,unknown
tronscan.org,104.27.157.165,tcp,8443,unknown
tronscan.org,2606:4700:30::681b:9ca5,tcp,80,http
tronscan.org,2606:4700:30::681b:9ca5,tcp,443,http
tronscan.org,2606:4700:30::681b:9ca5,tcp,443,https
tronscan.org,2606:4700:30::681b:9ca5,tcp,8080,unknown
tronscan.org,2606:4700:30::681b:9ca5,tcp,8443,unknown
tronscan.org,2606:4700:30::681b:9da5,tcp,80,http
tronscan.org,2606:4700:30::681b:9da5,tcp,443,http
tronscan.org,2606:4700:30::681b:9da5,tcp,443,https
tronscan.org,2606:4700:30::681b:9da5,tcp,8080,unknown
tronscan.org,2606:4700:30::681b:9da5,tcp,8443,unknown
www.tron.network,18.220.102.52,tcp,22,ssh
www.tron.network,18.220.102.52,tcp,80,http
www.tron.network,18.220.102.52,tcp,443,https
www.tron.network,18.220.246.233,tcp,22,ssh
www.tron.network,18.220.246.233,tcp,80,http
www.tron.network,18.220.246.233,tcp,443,https
www.tronlab.com,18.191.235.163,tcp,80,http
www.tronlab.com,18.191.235.163,tcp,443,http
www.tronlab.com,18.191.235.163,tcp,443,https
www.tronscan.org,18.216.178.128,tcp,80,http
www.tronscan.org,18.216.178.128,tcp,443,http
www.tronscan.org,18.216.178.128,tcp,443,https
